<application>
  <component name="ExportableFileTemplateSettings">
    <default_templates>
      <template name="Component.tsx" file-name="$Name/$Name" reformat="false" live-template-enabled="false">
        <template name="Component.tsx.child.0.ts" file-name="$Name/index" reformat="false" live-template-enabled="false" />
      </template>
      <template name="Component.tsx.child.0.ts" file-name="$Name/index" reformat="false" live-template-enabled="false" />
      <template name="Feature.tsx" file-name="$Name/$Name" reformat="false" live-template-enabled="false">
        <template name="Feature.tsx.child.0.ts" file-name="$Name/UIStore/index" reformat="false" live-template-enabled="false" />
        <template name="Feature.tsx.child.1.ts" file-name="$Name/UIStore/UIStore.test" reformat="false" live-template-enabled="false" />
        <template name="Feature.tsx.child.2.ts" file-name="$Name/UIStore/UIStore" reformat="false" live-template-enabled="false" />
        <template name="Feature.tsx.child.3.ts" file-name="$Name/index" reformat="false" live-template-enabled="false" />
      </template>
      <template name="Feature.tsx.child.0.ts" file-name="$Name/UIStore/index" reformat="false" live-template-enabled="false" />
      <template name="Feature.tsx.child.1.ts" file-name="$Name/UIStore/UIStore.test" reformat="false" live-template-enabled="false" />
      <template name="Feature.tsx.child.2.ts" file-name="$Name/UIStore/UIStore" reformat="false" live-template-enabled="false" />
      <template name="Feature.tsx.child.3.ts" file-name="$Name/index" reformat="false" live-template-enabled="false" />
      <template name="NamedStore.ts" file-name="${Name}Store/${Name}Store" reformat="false" live-template-enabled="false">
        <template name="NamedStore.ts.child.0.ts" file-name="${Name}Store/${Name}Store.test" reformat="false" live-template-enabled="false" />
        <template name="NamedStore.ts.child.1.ts" file-name="${Name}Store/index" reformat="false" live-template-enabled="false" />
      </template>
      <template name="NamedStore.ts.child.0.ts" file-name="${Name}Store/${Name}Store.test" reformat="false" live-template-enabled="false" />
      <template name="NamedStore.ts.child.1.ts" file-name="${Name}Store/index" reformat="false" live-template-enabled="false" />
      <template name="Repository.ts" file-name="${Name}Repository/${Name}Repository" reformat="false" live-template-enabled="false">
        <template name="Repository.ts.child.0.ts" file-name="${Name}Repository/${Name}Repository.test" reformat="false" live-template-enabled="false" />
        <template name="Repository.ts.child.1.ts" file-name="${Name}Repository/dto" reformat="false" live-template-enabled="false" />
        <template name="Repository.ts.child.2.ts" file-name="${Name}Repository/index" reformat="false" live-template-enabled="false" />
      </template>
      <template name="Repository.ts.child.0.ts" file-name="${Name}Repository/${Name}Repository.test" reformat="false" live-template-enabled="false" />
      <template name="Repository.ts.child.1.ts" file-name="${Name}Repository/dto" reformat="false" live-template-enabled="false" />
      <template name="Repository.ts.child.2.ts" file-name="${Name}Repository/index" reformat="false" live-template-enabled="false" />
      <template name="Screen.tsx" file-name="$Name/$Name" reformat="false" live-template-enabled="false">
        <template name="Screen.tsx.child.0.ts" file-name="$Name/index" reformat="false" live-template-enabled="false" />
      </template>
      <template name="Screen.tsx.child.0.ts" file-name="$Name/index" reformat="false" live-template-enabled="false" />
      <template name="ScreenWithStore.tsx" file-name="$Name/$Name" reformat="false" live-template-enabled="false">
        <template name="ScreenWithStore.tsx.child.0.ts" file-name="$Name/UIStore/UIStore" reformat="false" live-template-enabled="false" />
        <template name="ScreenWithStore.tsx.child.1.ts" file-name="$Name/UIStore/index" reformat="false" live-template-enabled="false" />
        <template name="ScreenWithStore.tsx.child.2.ts" file-name="$Name/index" reformat="false" live-template-enabled="false" />
      </template>
      <template name="ScreenWithStore.tsx.child.0.ts" file-name="$Name/UIStore/UIStore" reformat="false" live-template-enabled="false" />
      <template name="ScreenWithStore.tsx.child.1.ts" file-name="$Name/UIStore/index" reformat="false" live-template-enabled="false" />
      <template name="ScreenWithStore.tsx.child.2.ts" file-name="$Name/index" reformat="false" live-template-enabled="false" />
      <template name="Source.ts" file-name="${Name}NetworkSources/${Name}NetworkSources" reformat="false" live-template-enabled="false">
        <template name="Source.ts.child.0.ts" file-name="${Name}NetworkSources/dto" reformat="true" live-template-enabled="false" />
        <template name="Source.ts.child.1.ts" file-name="${Name}NetworkSources/index" reformat="true" live-template-enabled="false" />
      </template>
      <template name="Source.ts.child.0.ts" file-name="${Name}NetworkSources/dto" reformat="true" live-template-enabled="false" />
      <template name="Source.ts.child.1.ts" file-name="${Name}NetworkSources/index" reformat="true" live-template-enabled="false" />
      <template name="UIStore.ts" file-name="UIStore/UIStore" reformat="false" live-template-enabled="false">
        <template name="UIStore.ts.child.0.ts" file-name="UIStore/UIStore.test" reformat="false" live-template-enabled="false" />
        <template name="UIStore.ts.child.1.ts" file-name="UIStore/index" reformat="false" live-template-enabled="true" />
      </template>
      <template name="UIStore.ts.child.0.ts" file-name="UIStore/UIStore.test" reformat="false" live-template-enabled="false" />
      <template name="UIStore.ts.child.1.ts" file-name="UIStore/index" reformat="false" live-template-enabled="true" />
      <template name="UtilityFunction.ts" file-name="$Name/$Name" reformat="true" live-template-enabled="false">
        <template name="UtilityFunction.ts.child.0༏ext༏.test.ts" file-name="$Name/$Name" reformat="false" live-template-enabled="false" />
        <template name="UtilityFunction.ts.child.1.ts" file-name="$Name/index" reformat="false" live-template-enabled="false" />
      </template>
      <template name="UtilityFunction.ts.child.0༏ext༏.test.ts" file-name="$Name/$Name" reformat="false" live-template-enabled="false" />
      <template name="UtilityFunction.ts.child.1.ts" file-name="$Name/index" reformat="false" live-template-enabled="false" />
    </default_templates>
  </component>
</application>